INSERT INTO defaultdb.users (id, first_name, last_name, age, email) VALUES (1, 'Paul',    'Harrohide',   20,   'pharrohide@epf.fr');
INSERT INTO defaultdb.users (id, first_name, last_name, age, email) VALUES (2, 'Harry',   'Covert',      25,   'hcovert@epf.fr');
INSERT INTO defaultdb.users (id, first_name, last_name, age, email) VALUES (3, 'Alain',   'Posteur',     null, 'aposteur@epf.fr');
INSERT INTO defaultdb.users (id, first_name, last_name, age, email) VALUES (4, 'Elvire',  'Debord',      null, 'edebord@epf.fr');
INSERT INTO defaultdb.users (id, first_name, last_name, age, email) VALUES (5, 'Laurent', 'Barre',       41,   'lbarre@epf.fr');
INSERT INTO defaultdb.users (id, first_name, last_name, age, email) VALUES (6, 'Homer',   'Cipourtoux',  28,   'hcipourtoux@epf.fr');
INSERT INTO defaultdb.users (id, first_name, last_name, age, email) VALUES (7, 'Gaston',  'Laplouz',     null, 'glaplouz@epf.fr');
INSERT INTO defaultdb.users (id, first_name, last_name, age, email) VALUES (8, 'Gisèle',  'Detable',     null, 'gdetable@epf.fr');
INSERT INTO defaultdb.users (id, first_name, last_name, age, email) VALUES (9, 'Thomas',  'Ouaque',      null, 'touaque@epf.fr');
INSERT INTO defaultdb.users (id, first_name, last_name, age, email) VALUES (10, 'Sacha',  'Telfrize',    23,   'stelfrize@epf.fr');

INSERT INTO defaultdb.kittens (id, first_name, fur, race, age, imagepath, sex) VALUES (1, 'Paul',    'white',            'Unknown', 4,  'Kitten_1.jpg', 'female');
INSERT INTO defaultdb.kittens (id, first_name, fur, race, age, imagepath, sex) VALUES (2, 'Harry',   'white',            'Unknown', 4,  'Kitten_2.jpg', 'male');
INSERT INTO defaultdb.kittens (id, first_name, fur, race, age, imagepath, sex) VALUES (3, 'Alain',   'black',            'Unknown', 4,  'Kitten_3.jpg', 'female');
INSERT INTO defaultdb.kittens (id, first_name, fur, race, age, imagepath, sex) VALUES (4, 'Elvire',  'brown',            'Unknown', 4,  'Kitten_4.jpg', 'male');
INSERT INTO defaultdb.kittens (id, first_name, fur, race, age, imagepath, sex) VALUES (5, 'Laurent', 'yellow',           'Unknown', 6,  'Kitten_.jpg', 'female');
INSERT INTO defaultdb.kittens (id, first_name, fur, race, age, imagepath, sex) VALUES (6, 'Homer',   'grey',             'Unknown', 6,  'Kitten_6.jpg', 'male');
INSERT INTO defaultdb.kittens (id, first_name, fur, race, age, imagepath, sex) VALUES (7, 'Gaston',  'ginger',           'Unknown', 6,  'Kitten_7.jpg', 'female');
INSERT INTO defaultdb.kittens (id, first_name, fur, race, age, imagepath, sex) VALUES (8, 'Gisèle',  'black',            'Unknown', 6,  'Kitten_8.jpg', 'male');
INSERT INTO defaultdb.kittens (id, first_name, fur, race, age, imagepath, sex) VALUES (9, 'Thomas',  'black and white',  'Unknown', 2,  'Kitten_9.jpg', 'female');
INSERT INTO defaultdb.kittens (id, first_name, fur, race, age, imagepath, sex) VALUES (10, 'Sacha',  'brown and black',  'Unknown', 2,  'Kitten_10.jpg', 'male');

INSERT INTO defaultdb.reviews (id, date, rating, text, userid, kittenid) VALUES (1,  '01/09/2003',  3, 'white',            1,  1);
INSERT INTO defaultdb.reviews (id, date, rating, text, userid, kittenid) VALUES (2,  '01/09/2003',  3, 'white',            6,  6);
INSERT INTO defaultdb.reviews (id, date, rating, text, userid, kittenid) VALUES (3,  '01/09/2003',  3, 'black',            7,  7);
INSERT INTO defaultdb.reviews (id, date, rating, text, userid, kittenid) VALUES (4,  '01/09/2003',  3, 'brown',            8,  8);
INSERT INTO defaultdb.reviews (id, date, rating, text, userid, kittenid) VALUES (5,  '01/09/2003',  3, 'yellow',           9,  9);
INSERT INTO defaultdb.reviews (id, date, rating, text, userid, kittenid) VALUES (6,  '01/09/2003',  3, 'grey',             2,  2);
INSERT INTO defaultdb.reviews (id, date, rating, text, userid, kittenid) VALUES (7,  '01/09/2003',  3, 'ginger',           3,  3);
INSERT INTO defaultdb.reviews (id, date, rating, text, userid, kittenid) VALUES (8,  '01/09/2003',  3, 'black',            4,  4);
INSERT INTO defaultdb.reviews (id, date, rating, text, userid, kittenid) VALUES (9,  '01/09/2003',  3, 'black and white',  5,  5);
INSERT INTO defaultdb.reviews (id, date, rating, text, userid, kittenid) VALUES (10, '01/09/2003',  3, 'brown and black',  10, 10);

INSERT INTO defaultdb.myreviews (id, date, rating, text, kittenid, kittenname, kittenimagepath) VALUES (1,  '01/09/2003',  3, 'white',            1, 'kitten_1.jpg',  'kitten_1.jpg');
INSERT INTO defaultdb.myreviews (id, date, rating, text, kittenid, kittenname, kittenimagepath) VALUES (2,  '01/09/2003',  3, 'white',            6, 'kitten_2.jpg',  'kitten_2.jpg');
INSERT INTO defaultdb.myreviews (id, date, rating, text, kittenid, kittenname, kittenimagepath) VALUES (3,  '01/09/2003',  3, 'black',            7, 'kitten_3.jpg',  'kitten_3.jpg');
INSERT INTO defaultdb.myreviews (id, date, rating, text, kittenid, kittenname, kittenimagepath) VALUES (4,  '01/09/2003',  3, 'brown',            8, 'kitten_4.jpg',  'kitten_4.jpg');
INSERT INTO defaultdb.myreviews (id, date, rating, text, kittenid, kittenname, kittenimagepath) VALUES (5,  '01/09/2003',  3, 'yellow',           9, 'kitten_5.jpg',  'kitten_5.jpg');
INSERT INTO defaultdb.myreviews (id, date, rating, text, kittenid, kittenname, kittenimagepath) VALUES (6,  '01/09/2003',  3, 'grey',             2, 'kitten_6.jpg',  'kitten_6.jpg');
INSERT INTO defaultdb.myreviews (id, date, rating, text, kittenid, kittenname, kittenimagepath) VALUES (7,  '01/09/2003',  3, 'ginger',           3, 'kitten_7.jpg',  'kitten_7.jpg');
INSERT INTO defaultdb.myreviews (id, date, rating, text, kittenid, kittenname, kittenimagepath) VALUES (8,  '01/09/2003',  3, 'black',            4, 'kitten_8.jpg',  'kitten_8.jpg');
INSERT INTO defaultdb.myreviews (id, date, rating, text, kittenid, kittenname, kittenimagepath) VALUES (9,  '01/09/2003',  3, 'black and white',  5, 'kitten_9.jpg',  'kitten_9.jpg');
INSERT INTO defaultdb.myreviews (id, date, rating, text, kittenid, kittenname, kittenimagepath) VALUES (10, '01/09/2003',  3, 'brown and black',  10, 'kitten_10.jpg', 'kitten_10.jpg');
