INSERT INTO defaultdb.users (id, first_name, last_name, age) VALUES (1, 'Paul', 'Harrohide', 20);
INSERT INTO defaultdb.users (id, first_name, last_name, age) VALUES (2, 'Harry', 'Covert', 25);
INSERT INTO defaultdb.users (id, first_name, last_name, age) VALUES (3, 'Alain', 'Posteur', null);
INSERT INTO defaultdb.users (id, first_name, last_name, age) VALUES (4, 'Elvire', 'Debord', null);
INSERT INTO defaultdb.users (id, first_name, last_name, age) VALUES (5, 'Laurent', 'Barre', 41);
INSERT INTO defaultdb.users (id, first_name, last_name, age) VALUES (6, 'Homer', 'Cipourtoux', 28);
INSERT INTO defaultdb.users (id, first_name, last_name, age) VALUES (7, 'Gaston', 'Laplouz', null);
INSERT INTO defaultdb.users (id, first_name, last_name, age) VALUES (8, 'Gisèle', 'Detable', null);
INSERT INTO defaultdb.users (id, first_name, last_name, age) VALUES (9, 'Thomas', 'Ouaque', null);
INSERT INTO defaultdb.users (id, first_name, last_name, age) VALUES (10, 'Sacha', 'Telfrize', 23);

INSERT INTO defaultdb.kittens (id, first_name, fur, race, age, imagepath, sex) VALUES (1, 'Paul',    'white',            'Unknown', 4,  '/', 'female');
INSERT INTO defaultdb.kittens (id, first_name, fur, race, age, imagepath, sex) VALUES (2, 'Harry',   'white',            'Unknown', 4,  '/', 'male');
INSERT INTO defaultdb.kittens (id, first_name, fur, race, age, imagepath, sex) VALUES (3, 'Alain',   'black',            'Unknown', 4,  '/', 'female');
INSERT INTO defaultdb.kittens (id, first_name, fur, race, age, imagepath, sex) VALUES (4, 'Elvire',  'brown',            'Unknown', 4,  '/', 'male');
INSERT INTO defaultdb.kittens (id, first_name, fur, race, age, imagepath, sex) VALUES (5, 'Laurent', 'yellow',           'Unknown', 6,  '/', 'female');
INSERT INTO defaultdb.kittens (id, first_name, fur, race, age, imagepath, sex) VALUES (6, 'Homer',   'grey',             'Unknown', 6,  '/', 'male');
INSERT INTO defaultdb.kittens (id, first_name, fur, race, age, imagepath, sex) VALUES (7, 'Gaston',  'ginger',           'Unknown', 6,  '/', 'female');
INSERT INTO defaultdb.kittens (id, first_name, fur, race, age, imagepath, sex) VALUES (8, 'Gisèle',  'black',            'Unknown', 6,  '/', 'male');
INSERT INTO defaultdb.kittens (id, first_name, fur, race, age, imagepath, sex) VALUES (9, 'Thomas',  'black and white',  'Unknown', 2,  '/', 'female');
INSERT INTO defaultdb.kittens (id, first_name, fur, race, age, imagepath, sex) VALUES (10, 'Sacha',  'brown and black',  'Unknown', 2,  '/', 'male');

INSERT INTO defaultdb.reviews (id, date, rating, text, userid, kittenid) VALUES (1,  '01/09/2003',  3, 'white',            1,  1);
INSERT INTO defaultdb.reviews (id, date, rating, text, userid, kittenid) VALUES (2,  '01/09/2003',  3, 'white',            6,  6);
INSERT INTO defaultdb.reviews (id, date, rating, text, userid, kittenid) VALUES (3,  '01/09/2003',  3, 'black',            7,  7);
INSERT INTO defaultdb.reviews (id, date, rating, text, userid, kittenid) VALUES (4,  '01/09/2003',  3, 'brown',            8,  8);
INSERT INTO defaultdb.reviews (id, date, rating, text, userid, kittenid) VALUES (5,  '01/09/2003',  3, 'yellow',           9,  9);
INSERT INTO defaultdb.reviews (id, date, rating, text, userid, kittenid) VALUES (6,  '01/09/2003',  3, 'grey',             2,  2);
INSERT INTO defaultdb.reviews (id, date, rating, text, userid, kittenid) VALUES (7,  '01/09/2003',  3, 'ginger',           3,  3);
INSERT INTO defaultdb.reviews (id, date, rating, text, userid, kittenid) VALUES (8,  '01/09/2003',  3, 'black',            4,  4);
INSERT INTO defaultdb.reviews (id, date, rating, text, userid, kittenid) VALUES (9,  '01/09/2003',  3, 'black and white',  5,  5);
INSERT INTO defaultdb.reviews (id, date, rating, text, userid, kittenid) VALUES (10, '01/09/2003',  3, 'brown and black',  10, 10);

